kind	viewport	site	route	sha256
screenshot	desktop	baseline	/en	18ae22e96b945dba65b22d3891e93c2cdc92f26b92947d216fd44b29e609da3e
screenshot	desktop	baseline	/zh-hant	ed1c6fbe20bff21b1b05585db7c41082263cc5b46a225141dece4f61a1f0a083
screenshot	desktop	baseline	/en/privacy	d554e965b2b532604fcda024f3ccc0dac5bf996052feec7fd0c26ffd9af2fb8b
screenshot	desktop	baseline	/zh-hant/privacy	9455f2975194bcbe0cebbadab6e76d2e5a3030e396741e610e3a71e74d3e3219
screenshot	desktop	baseline	/en/services/seo-geo-growth-system	757c2432a10d2832862b07982ac419880a16a7a62037ae43c4ce9ba5fb711d40
screenshot	desktop	baseline	/zh-hant/services/seo-geo-growth-system	93cece5afddb81673b0afbd48b236ef634d70da3f1f8aa4199ec62c634be5abf
screenshot	desktop	baseline	/en/methodology/journey-intelligence	0f58e8312517c967469458c7d1e243404ac476a9694b5d07c4b27045188117c5
screenshot	desktop	baseline	/zh-hant/methodology/journey-intelligence	e55ce8d7ca9a8c9f4937a6ad35693dae9886cada1b214a7edb7ec2ff4fab9c99
screenshot	desktop	baseline	/en/glossary/geo	9d82fb6791472098e4f808cab7b8a41e06544d7fac1c89c2e3cea1bfba469d4b
screenshot	desktop	baseline	/zh-hant/glossary/geo	17cb752c8992a24f92faf29f96879385f5fe32c23509a13596a0ea1d4576c03f
screenshot	desktop	baseline	/en/publications/what-a-public-website-can-tell-you	f7ab188034880cb576b2e564cd5e245299edb55605b70ae003ef8e01f9ba963a
screenshot	desktop	baseline	/zh-hant/publications/what-a-public-website-can-tell-you	0edf407a9202c981e7be9a8c25b65aa78e0835d45fa11e646590d6dfe78c79ee
screenshot	desktop	candidate	/en	17f1fe07096e73427e71b60f17793cdd50d6a19fdc62bfa4d06f734da012ca9e
screenshot	desktop	candidate	/zh-hant	53c3176d31d0cb50cd55c56e6e8a731dbe421481f81247f6e1518d76bcbf3d17
screenshot	desktop	candidate	/en/privacy	d554e965b2b532604fcda024f3ccc0dac5bf996052feec7fd0c26ffd9af2fb8b
screenshot	desktop	candidate	/zh-hant/privacy	9455f2975194bcbe0cebbadab6e76d2e5a3030e396741e610e3a71e74d3e3219
screenshot	desktop	candidate	/en/services/seo-geo-growth-system	757c2432a10d2832862b07982ac419880a16a7a62037ae43c4ce9ba5fb711d40
screenshot	desktop	candidate	/zh-hant/services/seo-geo-growth-system	93cece5afddb81673b0afbd48b236ef634d70da3f1f8aa4199ec62c634be5abf
screenshot	desktop	candidate	/en/methodology/journey-intelligence	dff4d5493192ddaf8a16b6cf2bc5824eaad88812f7c10be034f2f1fbe18a9884
screenshot	desktop	candidate	/zh-hant/methodology/journey-intelligence	6003485c0e45391d5d1e8eebac201c0461744c9d6515a824321179d28a37fe59
screenshot	desktop	candidate	/en/glossary/geo	9d82fb6791472098e4f808cab7b8a41e06544d7fac1c89c2e3cea1bfba469d4b
screenshot	desktop	candidate	/zh-hant/glossary/geo	b6a375ad888e6703a83feb3a5a3e68390a07d7cb6f66bff8e4f70bdec8428fa0
screenshot	desktop	candidate	/en/publications/what-a-public-website-can-tell-you	fd6d080ffb168b3ac61a59546d3fbb650ded67067073b877b30559af7a22f4a2
screenshot	desktop	candidate	/zh-hant/publications/what-a-public-website-can-tell-you	49212ab49d0d8cc6174b25c8c0015b7b7e093b0259a332cab2066b7f94046fa0
screenshot	mobile	baseline	/en	f71ab29f6fa3c5190306285cd871d5c09b38a3dff9530bc98f2638256c9e1306
screenshot	mobile	baseline	/zh-hant	4d211ce31c93716ea9c81d832577e76486021cd8688fa23816f92656c200758e
screenshot	mobile	baseline	/en/privacy	e7b542af71efbd75b5adc6444f85834111f86d2f176f1755de3e65a42e2205de
screenshot	mobile	baseline	/zh-hant/privacy	3f54e1dcd4216a6ca81af823703738d8b5762944e26a4c09acde29e868998c1b
screenshot	mobile	baseline	/en/services/seo-geo-growth-system	fa072823a649efcd17671bafe991fe62f4e655b41754225010cc0bb79decb5c2
screenshot	mobile	baseline	/zh-hant/services/seo-geo-growth-system	8e4f0b7b3ea9204efa26d4c090274279fdbd57caa956b861622739cd262d30e4
screenshot	mobile	baseline	/en/methodology/journey-intelligence	fc4e1e5a7934e9ece9e8bf806ca492c92e6c745c81e1648ccb23d79ce5ae16be
screenshot	mobile	baseline	/zh-hant/methodology/journey-intelligence	cb43a980919ccf8c9b3330d9b4167e78d46581eb82ee10cbce108cf2fae8d224
screenshot	mobile	baseline	/en/glossary/geo	443284f296831869a267d6f82d12af78070d67648e1b04d3b1720c11f7cfb68a
screenshot	mobile	baseline	/zh-hant/glossary/geo	c68b95ca97a0f9c95de89fdff99267cab0933fa878421eef57621b9acee0a556
screenshot	mobile	baseline	/en/publications/what-a-public-website-can-tell-you	63fb778f48bfdb4f9087576d84d4bb79f9f4677cbd615b85429891120ffdf74f
screenshot	mobile	baseline	/zh-hant/publications/what-a-public-website-can-tell-you	2946f90a5e1e982e92a862ca5d879f2fbc99aedbe3d10bc3a9944297b3a38e48
screenshot	mobile	candidate	/en	f71ab29f6fa3c5190306285cd871d5c09b38a3dff9530bc98f2638256c9e1306
screenshot	mobile	candidate	/zh-hant	f286c565041da69a161346e2153c2f32a33acf1dc54837c35b6d0df8c14c73fa
screenshot	mobile	candidate	/en/privacy	e7b542af71efbd75b5adc6444f85834111f86d2f176f1755de3e65a42e2205de
screenshot	mobile	candidate	/zh-hant/privacy	3f54e1dcd4216a6ca81af823703738d8b5762944e26a4c09acde29e868998c1b
screenshot	mobile	candidate	/en/services/seo-geo-growth-system	fa072823a649efcd17671bafe991fe62f4e655b41754225010cc0bb79decb5c2
screenshot	mobile	candidate	/zh-hant/services/seo-geo-growth-system	8e4f0b7b3ea9204efa26d4c090274279fdbd57caa956b861622739cd262d30e4
screenshot	mobile	candidate	/en/methodology/journey-intelligence	fc4e1e5a7934e9ece9e8bf806ca492c92e6c745c81e1648ccb23d79ce5ae16be
screenshot	mobile	candidate	/zh-hant/methodology/journey-intelligence	cb43a980919ccf8c9b3330d9b4167e78d46581eb82ee10cbce108cf2fae8d224
screenshot	mobile	candidate	/en/glossary/geo	443284f296831869a267d6f82d12af78070d67648e1b04d3b1720c11f7cfb68a
screenshot	mobile	candidate	/zh-hant/glossary/geo	c68b95ca97a0f9c95de89fdff99267cab0933fa878421eef57621b9acee0a556
screenshot	mobile	candidate	/en/publications/what-a-public-website-can-tell-you	63fb778f48bfdb4f9087576d84d4bb79f9f4677cbd615b85429891120ffdf74f
screenshot	mobile	candidate	/zh-hant/publications/what-a-public-website-can-tell-you	b17afa7cf3a99a4fb76238388f5d4a504479e4616d73dad552e55ff26eae6450
